{
    "now": "2022-12-17T05:42:11.992Z",
    "perfNow": 2440939.6999999997,
    "diagnosticCorrelation": "4c57c374-b447-4492-bfad-04e1ee32f23f",
    "source": "DownloadSupportFiles",
    "environment": {
        "productName": "adf",
        "buildVersion": "1.0.121622.5",
        "environmentType": 3,
        "resourceName": "rajadf2022",
        "resourceRegion": "australiasoutheast",
        "resourceGroup": "rajResourceGroup",
        "subscriptionId": "69105c12-b333-4e39-a0f1-662edc82c146",
        "sessionId": "8Ou//",
        "operationId": "kgcol",
        "gitType": "live"
    },
    "additionalInfo": {
        "selectedResource": "Copy Data From tblEmployee",
        "selectedResourceType": "pipeline"
    }
}