{
    "$schema": "https://schema.management.azure.com/schemas/2015-01-01/deploymentParameters.json#",
    "contentVersion": "1.0.0.0",
    "parameters": {
        "factoryName": {
            "value": "rajadf2022"
        },
        "Azure_SQLDB_ETLFramework_connectionString": {
            "value": ""
        },
        "Azure_SQLDB_azadw_connectionString": {
            "value": ""
        },
        "onprem_SQLDB_AdventureWorks2019_connectionString": {
            "value": ""
        },
        "SqlServeronpremsourcedb_connectionString": {
            "value": ""
        },
        "containerUri": {
            "value": ""
        },
        "containerSasToken": {
            "value": ""
        }
    }
}