{
    "name": "Copy Data From tblEmployee",
    "properties": {
        "activities": [
            {
                "name": "Copy Data To Landing Table",
                "type": "Copy",
                "dependsOn": [
                    {
                        "activity": "LandingTargetTableSchema",
                        "dependencyConditions": [
                            "Succeeded"
                        ]
                    }
                ],
                "policy": {
                    "timeout": "0.12:00:00",
                    "retry": 0,
                    "retryIntervalInSeconds": 30,
                    "secureOutput": false,
                    "secureInput": false
                },
                "userProperties": [],
                "typeProperties": {
                    "source": {
                        "type": "SqlServerSource",
                        "sqlReaderQuery": {
                            "value": "SELECT\n\n@{variables('SourceTableColumns')}, \n@{variables('BatchID')} BatchID \n\nfrom @{variables('SourceTable')}",
                            "type": "Expression"
                        },
                        "queryTimeout": "02:00:00",
                        "partitionOption": "None"
                    },
                    "sink": {
                        "type": "AzureSqlSink",
                        "preCopyScript": {
                            "value": "truncate table\n\n@{variables('TargetLandingTableSchema')}. \n@{variables('TargetLandingTable')} \n\n",
                            "type": "Expression"
                        },
                        "writeBehavior": "insert",
                        "sqlWriterUseTableLock": false,
                        "disableMetricsCollection": false
                    },
                    "enableStaging": false,
                    "translator": {
                        "type": "TabularTranslator",
                        "typeConversion": true,
                        "typeConversionSettings": {
                            "allowDataTruncation": true,
                            "treatBooleanAsNumber": false
                        }
                    }
                },
                "inputs": [
                    {
                        "referenceName": "onpremdataset",
                        "type": "DatasetReference"
                    }
                ],
                "outputs": [
                    {
                        "referenceName": "AzureSqlTable1",
                        "type": "DatasetReference",
                        "parameters": {
                            "SchemaName": {
                                "value": "@variables('TargetLandingTableSchema')",
                                "type": "Expression"
                            },
                            "TableName": {
                                "value": "@variables('TargetLandingTable')",
                                "type": "Expression"
                            }
                        }
                    }
                ]
            },
            {
                "name": "Lookup1",
                "type": "Lookup",
                "dependsOn": [],
                "policy": {
                    "timeout": "0.12:00:00",
                    "retry": 0,
                    "retryIntervalInSeconds": 30,
                    "secureOutput": false,
                    "secureInput": false
                },
                "userProperties": [],
                "typeProperties": {
                    "source": {
                        "type": "AzureSqlSource",
                        "sqlReaderQuery": {
                            "value": "SELECT \n      [SourceTable]\n      ,[SourceTableColumnNames]\n      ,LandingTargetTableSchema\n      ,[LandingTargetTable]\n      ,[TargetTable]\n      ,[HighWaterMarkColumn]\n      ,[DataLoadType]\n      ,[HighWaterMarkValue]\n  FROM [ETL].[SourceTablesDataLoadDetails]\n  WHERE SourceTable='@{pipeline().parameters.SourceTable}'",
                            "type": "Expression"
                        },
                        "queryTimeout": "02:00:00",
                        "partitionOption": "None"
                    },
                    "dataset": {
                        "referenceName": "AzureSqlTable2",
                        "type": "DatasetReference"
                    }
                }
            },
            {
                "name": "SourceColumns",
                "type": "SetVariable",
                "dependsOn": [
                    {
                        "activity": "SourceTable",
                        "dependencyConditions": [
                            "Succeeded"
                        ]
                    }
                ],
                "userProperties": [],
                "typeProperties": {
                    "variableName": "SourceTableColumns",
                    "value": {
                        "value": "@activity('Lookup1').output.firstRow.SourceTableColumnNames\r\n",
                        "type": "Expression"
                    }
                }
            },
            {
                "name": "SourceTable",
                "type": "SetVariable",
                "dependsOn": [
                    {
                        "activity": "Lookup1",
                        "dependencyConditions": [
                            "Succeeded"
                        ]
                    }
                ],
                "userProperties": [],
                "typeProperties": {
                    "variableName": "SourceTable",
                    "value": {
                        "value": "@activity('Lookup1').output.firstRow.SourceTable\n",
                        "type": "Expression"
                    }
                }
            },
            {
                "name": "LandingTargetTable",
                "type": "SetVariable",
                "dependsOn": [
                    {
                        "activity": "SourceColumns",
                        "dependencyConditions": [
                            "Succeeded"
                        ]
                    }
                ],
                "userProperties": [],
                "typeProperties": {
                    "variableName": "TargetLandingTable",
                    "value": {
                        "value": "@activity('Lookup1').output.firstRow.LandingTargetTable\n",
                        "type": "Expression"
                    }
                }
            },
            {
                "name": "LandingTargetTableSchema",
                "type": "SetVariable",
                "dependsOn": [
                    {
                        "activity": "LandingTargetTable",
                        "dependencyConditions": [
                            "Succeeded"
                        ]
                    }
                ],
                "userProperties": [],
                "typeProperties": {
                    "variableName": "TargetLandingTableSchema",
                    "value": {
                        "value": "@activity('Lookup1').output.firstRow.LandingTargetTableSchema\n",
                        "type": "Expression"
                    }
                }
            }
        ],
        "parameters": {
            "SourceTable": {
                "type": "string",
                "defaultValue": "[dbo].[tblEmployee]"
            }
        },
        "variables": {
            "BatchID": {
                "type": "String",
                "defaultValue": "1"
            },
            "SourceTableColumns": {
                "type": "String"
            },
            "SourceTable": {
                "type": "String"
            },
            "TargetLandingTable": {
                "type": "String"
            },
            "TargetLandingTableSchema": {
                "type": "String"
            }
        },
        "annotations": [],
        "lastPublishTime": "2022-12-17T00:29:00Z"
    },
    "type": "Microsoft.DataFactory/factories/pipelines"
}