{
    "name": "AzureSqlTable1",
    "properties": {
        "linkedServiceName": {
            "referenceName": "Azure_SQLDB_azadw",
            "type": "LinkedServiceReference"
        },
        "parameters": {
            "SchemaName": {
                "type": "string"
            },
            "TableName": {
                "type": "string"
            }
        },
        "annotations": [],
        "type": "AzureSqlTable",
        "schema": [],
        "typeProperties": {
            "schema": {
                "value": "@dataset().SchemaName",
                "type": "Expression"
            },
            "table": {
                "value": "@dataset().TableName",
                "type": "Expression"
            }
        }
    },
    "type": "Microsoft.DataFactory/factories/datasets"
}